config_id,radius,ring height,ring thickness,blade count,inner thickness,inner max pos,inner camber,inner chord,inner angle,mid radial pos,mid chord,mid angle,outer thickness,outer max pos,outer camber,outer chord,outer angle,m_hub_kg,m_blades_kg,m_outer_ring_kg,m_total_kg,naca_hub,naca_inner,naca_mid,naca_outer,qprop_ok,V,rpm,Dbeta,T,Q,Pshaft,CT,CP,FOM,eff_aero,cl_avg,cd_avg,flight_ok,can_liftoff,rpm_launch,mass_kg,inertia_kg_m2,frontal_area_m2,T_static_N,Pshaft_ref_W,Q_ref_Nm,T_over_W_static,h_max_m,flight_time_s,hover_time_s,v_max_up_m_s,v_impact_m_s,rpm_impact,spin_stop_time_s,inner_solidity,mid_radius_mm,mid_solidity,mid_thickness,inner_abs_thickness_mm,mid_abs_thickness_mm,outer_abs_thickness_mm,min_blade_abs_thickness_mm,max_section_solidity
132,75,9,3,5,22,4,4,6,21,0.5,28,10,11,3,5,18,7,0.000633,0.015628,0.007745,0.024006,4421,4422,4417,5311,True,0.0,4000.0,0.0,0.09088,0.002674,1.12,0.008507,0.003338,0.11756,0.38088,0.0649,0.02742,True,False,4000.0,0.024006,7.6e-05,0.001628,0.09088,1.120083,0.002674,0.385906,0.0,0.0,0.0,0.0,0.0,4000.0,,0.578745,37.5,0.594178,16.5,1.32,4.62,1.98,1.32,0.594178
156,66,6,2,4,21,5,6,5,23,0.5,12,11,12,7,7,10,7,0.000633,0.002298,0.003029,0.00596,6520,6521,6617,7712,True,0.0,4000.0,0.0,0.02794,0.001933,0.8098,0.004362,0.004572,0.0315,0.15835,0.0299,0.03766,True,False,4000.0,0.00596,1.7e-05,0.001043,0.02794,0.809693,0.001933,0.477866,0.0,0.0,0.0,0.0,0.0,4000.0,,0.38583,33.0,0.231498,16.5,1.05,1.98,1.2,1.05,0.38583
168,64,8,2,5,20,5,6,5,22,0.5,20,10,9,4,4,12,7,0.000633,0.005847,0.003916,0.010397,6519,6520,5515,4409,True,0.0,4000.0,0.0,0.1544,0.001747,0.7318,0.02725,0.004819,0.46692,0.95513,0.2324,0.0304,True,True,4000.0,0.010397,2.5e-05,0.001018,0.1544,0.731782,0.001747,1.513834,5.171189,4.613869,1.386471,2.743207,-5.769177,2268.38214,,0.482288,32.0,0.497359,14.5,1.0,2.9,1.08,1.0,0.497359
192,69,6,3,5,23,4,5,6,22,0.6,25,7,21,5,2,12,5,0.000633,0.014299,0.00475,0.019682,5423,5423,3522,2521,True,0.0,4000.0,0.0,0.06713,0.002588,1.084,0.008772,0.0049,0.08382,0.30407,0.0901,0.05777,True,False,4000.0,0.019682,4.8e-05,0.001514,0.06713,1.084059,0.002588,0.34767,0.0,0.0,0.0,0.0,0.0,4000.0,,0.578745,41.4,0.48054,21.8,1.38,5.45,2.52,1.38,0.578745
299,76,5,2,4,16,4,5,8,18,0.5,18,10,10,5,3,18,4,0.000633,0.005161,0.002907,0.008701,5416,5416,4413,3510,True,0.0,4000.0,0.0,0.1825,0.001635,0.6848,0.01621,0.00191,0.53996,1.053,0.2576,0.01575,True,True,4000.0,0.008701,2.8e-05,0.001169,0.1825,0.684867,0.001635,2.138015,23.003429,9.7839,3.299412,7.021054,-7.665324,1690.135925,,0.617328,38.0,0.301557,13.0,1.28,2.34,1.8,1.28,0.617328
329,70,8,2,4,20,8,6,6,17,0.4,17,14,19,4,7,13,11,0.000633,0.00644,0.004283,0.011357,6820,6820,6720,7419,True,0.0,4000.0,0.0,0.196,0.002529,1.059,0.02418,0.004456,0.42192,0.89295,0.2668,0.03482,True,True,4000.0,0.011357,3.3e-05,0.001093,0.196,1.059345,0.002529,1.759209,10.07236,5.901704,1.773467,4.399239,-7.617413,1920.747292,,0.462996,28.0,0.386519,19.6,1.2,3.332,2.47,1.2,0.462996
356,74,5,2,3,13,6,5,10,21,0.4,19,9,11,5,5,10,5,0.000633,0.00343,0.00283,0.006894,5613,5613,5612,5511,True,0.0,4000.0,0.0,0.1346,0.00282,1.181,0.0133,0.003764,0.20367,0.54965,0.1397,0.04057,True,True,4000.0,0.006894,2.3e-05,0.001144,0.1346,1.181239,0.00282,1.990355,7.10374,4.648089,1.373475,4.07241,-6.360845,1675.538691,,0.578745,29.6,0.306481,12.2,1.3,2.318,1.1,1.1,0.578745
406,77,9,2,4,19,4,1,7,21,0.4,27,14,18,4,6,17,2,0.000633,0.015756,0.005301,0.02169,1419,1419,2419,6418,True,0.0,4000.0,0.0,0.6474,0.007284,3.051,0.05455,0.00797,0.79922,1.36717,0.4964,0.007233,True,True,4000.0,0.02169,6.6e-05,0.001181,0.6474,3.051115,0.007284,3.042529,39.406209,9.868249,2.833621,12.208035,-13.189767,1114.544597,,0.540162,30.8,0.558076,18.6,1.33,5.022,3.06,1.33,0.558076
427,70,4,1,6,19,7,3,6,21,0.4,19,15,12,4,6,16,4,0.000633,0.00976,0.001071,0.011465,3719,3719,4617,6412,True,0.0,4000.0,0.0,0.1149,0.002468,1.034,0.01417,0.004349,0.19396,0.53183,0.1475,0.04978,True,True,4000.0,0.011465,2.3e-05,0.000654,0.1149,1.033793,0.002468,1.02162,0.000256,0.128652,0.042526,0.004487,-0.013319,3874.028736,,0.694494,28.0,0.647988,16.2,1.14,3.078,1.92,1.14,0.694494
455,79,6,2,4,23,3,2,6,21,0.7,27,9,12,2,5,18,5,0.000633,0.012365,0.003626,0.016624,2322,2323,4215,5212,True,0.0,4000.0,0.0,0.5844,0.006105,2.557,0.04444,0.005876,0.79717,1.36475,0.6154,0.006651,True,True,4000.0,0.016624,5.1e-05,0.001207,0.5844,2.557256,0.006105,3.583574,42.413335,10.579736,3.143895,13.359754,-11.784478,999.120781,,0.462996,55.3,0.310827,15.3,1.38,4.131,2.16,1.38,0.462996
501,67,6,3,4,19,6,2,7,18,0.6,19,8,10,5,4,12,7,0.000633,0.004481,0.004612,0.009727,2618,2619,3514,4510,True,0.0,4000.0,0.0,0.23,0.00197,0.8251,0.0338,0.004321,0.7192,1.27407,0.392,0.01126,True,True,4000.0,0.009727,2.8e-05,0.001477,0.23,0.825192,0.00197,2.410421,23.984683,9.847193,3.320756,7.625612,-7.463899,1519.141124,,0.540162,40.2,0.30089,13.6,1.33,2.584,1.2,1.2,0.540162
598,69,7,3,4,22,5,4,8,23,0.5,16,6,18,7,7,15,5,0.000633,0.005696,0.005542,0.011871,4522,4522,5620,7718,True,0.0,4000.0,0.0,0.3402,0.005056,2.118,0.04446,0.009576,0.48941,0.98593,0.3465,0.0409,True,True,4000.0,0.011871,3.7e-05,0.001514,0.3402,2.117852,0.005056,2.921224,19.193031,7.211962,2.143121,8.217165,-8.576371,1185.248101,,0.617328,34.5,0.295244,20.0,1.76,3.2,2.7,1.76,0.617328
606,80,9,4,5,23,4,7,6,18,0.4,19,12,15,5,5,19,3,0.000633,0.012459,0.011014,0.024107,7423,7423,6421,5515,True,0.0,4000.0,0.0,1.175,0.02785,11.67,0.085,0.02518,0.49174,0.98942,0.5876,0.08217,True,True,4000.0,0.024107,0.0001,0.002224,1.175,11.665781,0.02785,4.968492,26.444571,7.168913,1.843093,12.664495,-10.86778,694.349186,,0.578745,32.0,0.472491,19.8,1.38,3.762,2.85,1.38,0.578745
651,77,8,2,4,20,2,6,6,23,0.3,26,10,11,6,8,21,3,0.000633,0.016764,0.004712,0.022109,6220,6220,6319,8611,True,0.0,4000.0,0.0,0.1324,0.002427,1.017,0.01116,0.002656,0.22175,0.5819,0.213,0.05172,True,False,4000.0,0.022109,6.5e-05,0.001181,0.1324,1.016619,0.002427,0.610459,0.0,0.0,0.0,0.0,0.0,4000.0,,0.462996,23.1,0.716542,17.3,1.2,4.498,2.31,1.2,0.716542
691,76,7,2,5,24,3,3,5,22,0.5,23,10,16,5,3,12,4,0.000633,0.012535,0.004069,0.017237,3324,3324,3420,3516,True,0.0,4000.0,0.0,0.1701,0.003591,1.504,0.0151,0.004195,0.22123,0.58053,0.1099,0.02964,True,True,4000.0,0.017237,5.1e-05,0.001169,0.1701,1.504195,0.003591,1.005924,1.2e-05,0.052446,0.017424,0.000506,-0.001514,3964.745003,,0.482288,38.0,0.481653,20.0,1.2,4.6,1.92,1.2,0.482288
705,68,8,3,5,23,4,2,5,23,0.3,16,12,12,7,7,12,12,0.000633,0.007521,0.006242,0.014395,2423,2423,3421,7712,True,0.0,4000.0,0.0,0.6528,0.01317,5.519,0.09044,0.02684,0.50657,1.00888,0.761,0.09311,True,True,4000.0,0.014395,4.2e-05,0.001496,0.6528,5.516637,0.01317,4.622618,19.792291,6.089917,1.535188,10.696354,-10.108904,720.284699,,0.482288,20.4,0.624137,19.7,1.15,3.152,1.44,1.15,0.624137
836,65,6,2,5,20,6,2,7,19,0.4,19,13,9,6,4,13,8,0.000633,0.006394,0.002983,0.01001,2619,2620,3617,4609,True,0.0,4000.0,0.0,0.04045,0.00038,0.1593,0.006711,0.000971,0.2832,0.6844,0.0462,0.00618,True,False,4000.0,0.01001,2.3e-05,0.001031,0.04045,0.159174,0.00038,0.411923,0.0,0.0,0.0,0.0,0.0,4000.0,,0.675203,26.0,0.581528,15.6,1.4,2.964,1.17,1.17,0.675203
954,68,5,1,5,21,5,3,5,21,0.6,20,8,13,4,5,10,4,0.000633,0.00689,0.0013,0.008824,3520,3521,4416,5413,True,0.0,4000.0,0.0,0.01426,0.002369,0.9925,0.001976,0.004827,0.00909,0.06918,0.0246,0.0783,True,False,4000.0,0.008824,1.8e-05,0.000641,0.01426,0.992324,0.002369,0.164739,0.0,0.0,0.0,0.0,0.0,4000.0,,0.482288,40.8,0.390086,16.2,1.05,3.24,1.3,1.05,0.482288
1022,64,6,3,4,20,5,6,6,20,0.5,15,9,10,7,1,11,4,0.000633,0.002993,0.004406,0.008032,6519,6520,4616,1710,True,0.0,4000.0,0.0,0.05225,0.000951,0.3985,0.009224,0.002624,0.1688,0.48485,0.1363,0.04075,True,False,4000.0,0.008032,2.3e-05,0.00142,0.05225,0.398354,0.000951,0.663142,0.0,0.0,0.0,0.0,0.0,4000.0,,0.462996,32.0,0.298416,15.0,1.2,2.25,1.1,1.1,0.462996
1035,77,7,2,4,17,7,6,7,22,0.4,24,6,12,3,8,14,5,0.000633,0.00939,0.004123,0.014146,6717,6717,7616,8312,True,0.0,4000.0,0.0,0.0743,0.00287,1.202,0.00626,0.003141,0.07887,0.29187,0.0927,0.05446,True,False,4000.0,0.014146,4.5e-05,0.001181,0.0743,1.202183,0.00287,0.535396,0.0,0.0,0.0,0.0,0.0,4000.0,,0.540162,30.8,0.496067,15.0,1.19,3.6,1.68,1.19,0.540162
1085,68,6,2,4,16,2,7,8,20,0.5,15,9,14,2,3,12,7,0.000633,0.003501,0.003121,0.007255,7216,7216,5215,3214,True,0.0,4000.0,0.0,0.03102,0.001033,0.4326,0.004297,0.002104,0.06694,0.2617,0.0335,0.02031,True,False,4000.0,0.007255,2.1e-05,0.001068,0.03102,0.432702,0.001033,0.435829,0.0,0.0,0.0,0.0,0.0,4000.0,,0.617328,34.0,0.280862,15.0,1.28,2.25,1.68,1.28,0.617328
1130,67,8,2,5,20,5,3,7,23,0.7,15,9,11,4,4,11,6,0.000633,0.004025,0.0041,0.008758,3519,3520,4413,4411,True,0.0,4000.0,0.0,0.02389,0.001113,0.4662,0.003511,0.002441,0.04261,0.19367,0.0212,0.01849,True,False,4000.0,0.008758,2.5e-05,0.001056,0.02389,0.466212,0.001113,0.278049,0.0,0.0,0.0,0.0,0.0,4000.0,,0.675203,46.9,0.254512,13.7,1.4,2.055,1.21,1.21,0.675203
1132,68,7,1,5,21,6,7,6,19,0.5,22,11,15,8,1,16,4,0.000633,0.010225,0.00182,0.012679,7621,7621,4718,1815,True,0.0,4000.0,0.0,0.3034,0.002819,1.181,0.04203,0.005742,0.75008,1.31074,0.3565,0.006819,True,True,4000.0,0.012679,2.6e-05,0.000641,0.3034,1.18082,0.002819,2.439306,24.91681,7.857016,2.19052,8.785801,-12.438354,1330.14591,,0.578745,34.0,0.514913,18.0,1.26,3.96,2.4,1.26,0.578745
1153,65,7,2,5,22,5,1,6,25,0.4,17,8,12,7,5,15,4,0.000633,0.006686,0.00348,0.0108,1522,1522,2619,5712,True,0.0,4000.0,0.0,0.1108,0.001659,0.6951,0.01839,0.004236,0.29423,0.70244,0.1036,0.02115,True,True,4000.0,0.0108,2.5e-05,0.001031,0.1108,0.69492,0.001659,1.045792,0.006356,0.444504,0.145447,0.032355,-0.094923,3741.577807,,0.578745,26.0,0.520314,18.0,1.32,3.06,1.8,1.32,0.578745
1213,78,8,1,5,22,5,4,6,21,0.6,23,8,15,5,4,22,4,0.000633,0.013268,0.002386,0.016288,4522,4522,4518,4515,True,0.0,4000.0,0.0,0.2497,0.003158,1.323,0.01998,0.00324,0.43583,0.9125,0.1269,0.01446,True,True,4000.0,0.016288,4.5e-05,0.000704,0.2497,1.32282,0.003158,1.562763,6.999333,5.075117,1.474241,3.346225,-7.414477,2152.857501,,0.578745,46.8,0.391086,17.8,1.32,4.094,3.3,1.32,0.578745
1236,73,8,4,6,23,4,4,5,21,0.5,17,8,10,7,4,13,7,0.000633,0.007127,0.008934,0.016694,4422,4423,4517,4710,True,0.0,4000.0,0.0,0.04232,0.000593,0.2485,0.004414,0.000848,0.17299,0.49276,0.0368,0.007017,True,False,4000.0,0.016694,6.2e-05,0.002049,0.04232,0.248395,0.000593,0.258407,0.0,0.0,0.0,0.0,0.0,4000.0,,0.578745,36.5,0.444762,16.5,1.15,2.805,1.3,1.15,0.578745
1259,62,7,3,6,20,6,4,5,24,0.6,14,6,13,4,6,11,5,0.000633,0.004008,0.004979,0.009621,4619,4620,5516,6413,True,0.0,4000.0,0.0,0.1552,0.002827,1.184,0.0311,0.009141,0.30022,0.71137,0.206,0.05098,True,True,4000.0,0.009621,2.5e-05,0.001382,0.1552,1.184171,0.002827,1.644412,3.639339,3.572612,1.043751,2.52543,-5.10783,2039.081348,,0.578745,37.2,0.359382,15.8,1.0,2.212,1.43,1.0,0.578745
1324,61,4,1,4,15,6,8,8,22,0.4,16,8,10,6,3,15,5,0.000633,0.003397,0.000933,0.004964,8615,8615,7614,3610,True,0.0,4000.0,0.0,0.1055,0.001198,0.5018,0.02256,0.004201,0.40352,0.8665,0.2998,0.04297,True,True,4000.0,0.004964,8e-06,0.000597,0.1055,0.501817,0.001198,2.16664,8.786244,4.85126,1.376818,4.852792,-7.565348,1503.322957,,0.617328,24.4,0.417456,13.0,1.2,2.08,1.5,1.2,0.617328
1380,77,5,1,4,20,5,8,7,24,0.6,13,11,18,5,3,12,6,0.000633,0.00384,0.001472,0.005946,8520,8520,5519,3518,True,0.0,4000.0,0.0,0.1176,0.00179,0.7499,0.009905,0.001959,0.25174,0.63265,0.1513,0.03171,True,True,4000.0,0.005946,1.7e-05,0.000698,0.1176,0.749793,0.00179,2.016164,10.680747,5.699797,1.693763,5.028023,-7.672427,1657.871993,,0.540162,46.2,0.179135,18.8,1.4,2.444,2.16,1.4,0.540162
1416,65,9,4,4,19,5,7,6,23,0.5,10,9,15,5,6,10,3,0.000633,0.001857,0.008949,0.01144,7519,7519,7517,6515,True,0.0,4000.0,0.0,0.1081,0.001846,0.7734,0.01794,0.004713,0.25484,0.6382,0.1137,0.02764,True,False,4000.0,0.01144,4.1e-05,0.001847,0.1081,0.773251,0.001846,0.963238,0.0,0.0,0.0,0.0,0.0,4000.0,,0.462996,32.5,0.195883,17.0,1.14,1.7,1.5,1.14,0.462996
1448,70,6,2,5,22,4,8,6,23,0.5,20,14,16,3,3,16,9,0.000633,0.00958,0.003213,0.013426,8422,8422,6419,3316,True,0.0,4000.0,0.0,0.1048,0.001736,0.7272,0.01293,0.00306,0.24023,0.61346,0.0848,0.01891,True,False,4000.0,0.013426,3.3e-05,0.001093,0.1048,0.727174,0.001736,0.795697,0.0,0.0,0.0,0.0,0.0,4000.0,,0.578745,35.0,0.454728,19.0,1.32,3.8,2.56,1.32,0.578745
1452,62,10,3,4,15,5,2,8,20,0.6,19,5,11,7,6,11,5,0.000633,0.003781,0.007114,0.011528,2515,2515,4613,6711,True,0.0,4000.0,0.0,0.0503,0.000636,0.2664,0.01008,0.002056,0.24619,0.62342,0.1078,0.02065,True,False,4000.0,0.011528,3.3e-05,0.001382,0.0503,0.266407,0.000636,0.444784,0.0,0.0,0.0,0.0,0.0,4000.0,,0.617328,37.2,0.325155,12.6,1.2,2.394,1.21,1.2,0.617328
1459,79,6,2,4,22,8,4,5,22,0.7,20,12,15,7,2,12,4,0.000633,0.007452,0.003626,0.011711,4822,4822,2717,2715,True,0.0,4000.0,0.0,0.2046,0.00303,1.269,0.01556,0.002917,0.33275,0.76217,0.2282,0.03694,True,True,4000.0,0.011711,4e-05,0.001207,0.2046,1.269203,0.00303,1.780955,10.585203,6.073806,1.845464,4.535368,-7.57386,1904.706601,,0.38583,55.3,0.230242,17.1,1.1,3.42,1.8,1.1,0.38583
1468,65,9,4,3,17,5,9,9,18,0.4,22,12,7,6,7,20,6,0.000633,0.004712,0.008949,0.014295,9517,9517,8514,7607,True,0.0,4000.0,0.0,0.1517,0.001574,0.6595,0.02516,0.004019,0.49681,0.99533,0.3421,0.03486,True,True,4000.0,0.014295,4.5e-05,0.001847,0.1517,0.659316,0.001574,1.081787,0.124702,1.494936,0.48417,0.189699,-0.544553,3559.718404,,0.520871,26.0,0.404009,13.0,1.53,2.86,1.4,1.4,0.520871
1481,76,10,2,5,21,6,3,6,21,0.5,18,9,19,7,0,17,8,0.000633,0.009817,0.005813,0.016264,3621,3621,2620,0019,True,0.0,4000.0,0.0,1.089,0.01838,7.699,0.09667,0.02147,0.70006,1.25142,1.2892,0.03459,True,True,4000.0,0.016264,5.5e-05,0.001169,1.089,7.698996,0.01838,6.825575,38.087018,8.242418,2.009003,17.307072,-12.655166,526.116575,,0.578745,38.0,0.376946,20.0,1.26,3.6,3.23,1.26,0.578745
1495,75,7,2,4,19,5,5,6,23,0.6,23,7,9,4,2,21,2,0.000633,0.007285,0.004016,0.011934,5518,5519,3413,2409,True,0.0,4000.0,0.0,0.7541,0.009432,3.951,0.07059,0.01177,0.79656,1.36424,0.6001,0.005145,True,True,4000.0,0.011934,3.8e-05,0.001156,0.7541,3.950867,0.009432,6.441532,40.258901,9.481883,2.580212,16.854304,-10.819537,603.496873,,0.462996,45.0,0.325383,13.0,1.14,2.99,1.89,1.14,0.462996
1540,73,9,3,4,22,5,6,6,22,0.4,19,12,13,6,8,11,9,0.000633,0.006672,0.007538,0.014843,6522,6522,7519,8613,True,0.0,4000.0,0.0,0.09907,0.003018,1.264,0.01033,0.004312,0.12181,0.38993,0.0913,0.04049,True,False,4000.0,0.014843,5.4e-05,0.00159,0.09907,1.264177,0.003018,0.680366,0.0,0.0,0.0,0.0,0.0,4000.0,,0.462996,29.2,0.414239,18.4,1.32,3.496,1.43,1.32,0.462996
1553,75,5,2,5,18,6,6,6,20,0.4,13,10,15,6,5,11,9,0.000633,0.004435,0.002868,0.007937,6618,6618,6617,5615,True,0.0,4000.0,0.0,0.5183,0.005276,2.21,0.04851,0.006585,0.81145,1.38079,0.4137,0.007398,True,True,4000.0,0.007937,2.5e-05,0.001156,0.5183,2.210006,0.005276,6.656735,39.664017,10.743922,3.192685,15.918211,-8.754966,633.965853,,0.578745,30.0,0.344836,16.8,1.08,2.184,1.65,1.08,0.578745
1577,63,9,4,4,18,6,6,8,25,0.5,27,13,16,5,2,17,12,0.000633,0.010435,0.008674,0.019743,6618,6618,4617,2516,True,0.0,4000.0,0.0,0.7232,0.01826,7.65,0.136,0.0545,0.45997,0.94611,1.0954,0.1484,True,True,4000.0,0.019743,5e-05,0.001797,0.7232,7.648731,0.01826,3.734109,11.793115,4.534766,1.07502,7.603862,-9.772651,811.334248,,0.617328,31.5,0.545674,17.0,1.44,4.59,2.72,1.44,0.617328
1585,70,7,3,4,13,2,3,8,23,0.5,20,14,13,6,5,11,7,0.000633,0.004839,0.005622,0.011095,3213,3213,4413,5613,True,0.0,4000.0,0.0,0.37,0.003358,1.407,0.04564,0.005917,0.82367,1.39512,0.6644,0.008002,True,True,4000.0,0.011095,3.7e-05,0.001533,0.37,1.406596,0.003358,3.39955,35.841821,11.592774,3.832002,10.951792,-8.359525,1128.305953,,0.617328,35.0,0.363783,13.0,1.04,2.6,1.43,1.04,0.617328
1744,67,10,1,6,20,6,7,6,22,0.5,20,9,13,5,5,17,4,0.000633,0.009667,0.002562,0.012863,7620,7620,6617,5513,True,0.0,4000.0,0.0,0.5058,0.005733,2.402,0.07434,0.01258,0.80568,1.37437,0.6383,0.006699,True,True,4000.0,0.012863,2.8e-05,0.000635,0.5058,2.401433,0.005733,4.008318,34.692758,8.104024,2.042918,13.36205,-14.261144,806.022801,,0.694494,33.5,0.570107,16.5,1.2,3.3,2.21,1.2,0.694494
1746,73,7,3,5,18,6,4,6,18,0.6,23,9,17,4,6,15,5,0.000633,0.01089,0.005863,0.017386,4618,4618,5517,6417,True,0.0,4000.0,0.0,0.4401,0.005508,2.307,0.0459,0.007869,0.62488,1.1602,0.2783,0.01613,True,True,4000.0,0.017386,5.3e-05,0.00159,0.4401,2.307186,0.005508,2.580361,23.377467,8.129611,2.442955,8.513409,-9.821155,1326.540256,,0.578745,43.8,0.417873,17.4,1.08,4.002,2.55,1.08,0.578745
1811,64,7,3,5,20,3,5,7,20,0.5,15,12,15,7,5,13,8,0.000633,0.004819,0.00514,0.010593,5320,5320,5518,5715,True,0.0,4000.0,0.0,0.2301,0.002675,1.12,0.04063,0.007379,0.55503,1.07197,0.2313,0.02096,True,True,4000.0,0.010593,2.9e-05,0.00142,0.2301,1.120501,0.002675,2.214287,15.24546,7.019499,2.179678,6.21297,-7.750661,1558.4414,,0.675203,32.0,0.373019,17.5,1.4,2.625,1.95,1.4,0.675203
1837,77,7,2,5,22,6,6,6,22,0.4,23,6,22,2,7,14,3,0.000633,0.016831,0.004123,0.021587,6622,6622,6522,7222,True,0.0,4000.0,0.0,0.3953,0.003717,1.557,0.0333,0.004067,0.74723,1.30696,0.2883,0.008651,True,True,4000.0,0.021587,6.2e-05,0.001181,0.3953,1.556973,0.003717,1.866653,21.441151,8.426008,2.532022,6.707541,-10.763979,1808.057741,,0.578745,30.8,0.594247,22.0,1.32,5.06,3.08,1.32,0.594247
1861,78,5,2,5,20,7,5,6,21,0.5,25,8,14,5,4,17,4,0.000633,0.013976,0.002983,0.017592,5720,5720,5617,4514,True,0.0,4000.0,0.0,0.8583,0.01426,5.975,0.06868,0.01463,0.61499,1.14816,0.6275,0.04822,True,True,4000.0,0.017592,5e-05,0.001194,0.8583,5.973215,0.01426,4.973338,29.790234,7.313761,1.794863,13.556846,-12.586585,667.021601,,0.578745,39.0,0.510112,17.0,1.2,4.25,2.38,1.2,0.578745
1879,64,7,2,4,22,6,2,9,24,0.5,15,9,19,3,5,13,4,0.000633,0.004682,0.003427,0.008742,2622,2622,3521,5319,True,0.0,4000.0,0.0,0.05664,0.001721,0.7209,0.01,0.004747,0.10531,0.35404,0.0778,0.04243,True,False,4000.0,0.008742,2.1e-05,0.001018,0.05664,0.720891,0.001721,0.660428,0.0,0.0,0.0,0.0,0.0,4000.0,,0.694494,32.0,0.298416,20.5,1.98,3.075,2.47,1.98,0.694494
2012,68,7,3,5,23,7,6,5,21,0.5,25,12,20,4,2,13,11,0.000633,0.014283,0.005461,0.020377,6723,6723,4622,2420,True,0.0,4000.0,0.0,0.06594,0.002399,1.005,0.009135,0.004888,0.08931,0.31717,0.0905,0.05783,True,False,4000.0,0.020377,5e-05,0.001496,0.06594,1.004891,0.002399,0.329863,0.0,0.0,0.0,0.0,0.0,4000.0,,0.482288,34.0,0.585128,21.5,1.15,5.375,2.6,1.15,0.585128
2116,66,7,3,4,18,4,6,8,24,0.5,26,15,8,6,2,20,7,0.000633,0.007926,0.005301,0.01386,6417,6418,4514,2608,True,0.0,4000.0,0.0,0.2203,0.003291,1.378,0.03438,0.007783,0.4098,0.8754,0.203,0.02855,True,True,4000.0,0.01386,3.6e-05,0.001458,0.2203,1.378531,0.003291,1.620273,5.033231,4.261522,1.252133,2.923147,-5.935742,2079.076963,,0.617328,33.0,0.501579,13.0,1.44,3.38,1.6,1.44,0.617328
2291,73,8,2,5,18,4,3,7,20,0.5,21,9,12,5,9,10,8,0.000633,0.007588,0.004467,0.012688,3418,3418,6415,9512,True,0.0,4000.0,0.0,0.4257,0.004608,1.93,0.0444,0.006584,0.71059,1.26393,0.249,0.009552,True,True,4000.0,0.012688,3.9e-05,0.001131,0.4257,1.930195,0.004608,3.420021,35.634758,9.941838,3.004128,11.882764,-10.550319,1051.448589,,0.675203,36.5,0.457843,15.0,1.26,3.15,1.2,1.2,0.675203
2301,64,6,3,4,22,3,3,6,19,0.6,24,10,8,5,2,22,6,0.000633,0.006957,0.004406,0.011997,3321,3322,2414,2508,True,0.0,4000.0,0.0,0.2397,0.002224,0.9315,0.04231,0.006134,0.70955,1.26264,0.4114,0.01733,True,True,4000.0,0.011997,2.9e-05,0.00142,0.2397,0.931587,0.002224,2.036766,15.903185,7.401734,2.323082,5.997321,-7.974418,1696.708614,,0.462996,38.4,0.397887,13.6,1.32,3.264,1.76,1.32,0.462996
2321,70,8,2,6,22,6,3,5,25,0.3,14,13,18,7,0,13,10,0.000633,0.009013,0.004283,0.01393,3622,3622,3621,0018,True,0.0,4000.0,0.0,0.0768,0.003433,1.438,0.009474,0.00605,0.07621,0.28534,0.0727,0.05358,True,False,4000.0,0.01393,3.8e-05,0.001093,0.0768,1.438012,0.003433,0.562011,0.0,0.0,0.0,0.0,0.0,4000.0,,0.578745,21.0,0.63662,20.8,1.1,2.912,2.34,1.1,0.63662
2342,70,9,4,4,20,5,8,6,22,0.7,23,7,17,3,3,14,4,0.000633,0.008823,0.009638,0.019094,8520,8520,4318,3317,True,0.0,4000.0,0.0,0.2307,0.002393,1.002,0.02846,0.004218,0.56944,1.09018,0.2332,0.0177,True,True,4000.0,0.019094,6.4e-05,0.001973,0.2307,1.002377,0.002393,1.231628,2.056278,3.876774,1.216751,1.239897,-3.1334,2966.317713,,0.462996,49.0,0.298822,17.9,1.2,4.117,2.38,1.2,0.462996
2372,64,9,2,4,21,5,4,7,20,0.4,18,13,13,5,2,12,12,0.000633,0.005319,0.004406,0.010358,4521,4521,3519,2513,True,0.0,4000.0,0.0,0.02007,0.001023,0.4285,0.003544,0.002822,0.03737,0.17747,0.0417,0.04284,True,False,4000.0,0.010358,2.6e-05,0.001018,0.02007,0.428513,0.001023,0.197509,0.0,0.0,0.0,0.0,0.0,4000.0,,0.540162,25.6,0.447623,17.8,1.47,3.204,1.56,1.47,0.540162
2378,76,6,3,3,14,3,5,8,20,0.5,15,9,11,6,5,11,4,0.000633,0.002382,0.005232,0.008247,5314,5314,5413,5611,True,0.0,4000.0,0.0,1.107,0.02444,10.24,0.09824,0.02855,0.53945,1.05168,1.1226,0.0813,True,True,4000.0,0.008247,3.5e-05,0.001646,1.107,10.237403,0.02444,13.682858,23.465453,6.740442,1.63166,17.380169,-7.81856,330.134692,,0.462996,38.0,0.188473,12.5,1.12,1.875,1.21,1.12,0.462996
2483,68,5,2,4,18,5,4,6,23,0.5,29,14,13,5,6,18,7,0.000633,0.011511,0.002601,0.014745,4518,4518,5516,6513,True,0.0,4000.0,0.0,0.1295,0.000879,0.3684,0.01794,0.001792,0.67053,1.21599,0.1511,0.00609,True,False,4000.0,0.014745,3.2e-05,0.001068,0.1295,0.368195,0.000879,0.895275,0.0,0.0,0.0,0.0,0.0,4000.0,,0.462996,34.0,0.542999,15.5,1.08,4.495,2.34,1.08,0.542999
2520,75,9,3,5,18,5,2,6,19,0.5,13,7,15,8,5,11,6,0.000633,0.004032,0.007745,0.01241,2518,2518,3617,5815,True,0.0,4000.0,0.0,0.4426,0.005438,2.278,0.04143,0.006788,0.62122,1.15563,0.2659,0.01433,True,True,4000.0,0.01241,5.2e-05,0.001628,0.4426,2.277864,0.005438,3.635493,36.21964,11.213243,3.631668,11.559341,-8.688215,1053.794424,,0.578745,37.5,0.275869,16.5,1.08,2.145,1.65,1.08,0.578745
2688,68,5,2,5,19,6,7,6,22,0.5,14,5,13,6,5,11,4,0.000633,0.003892,0.002601,0.007126,7619,7619,6616,5613,True,0.0,4000.0,0.0,0.2902,0.004028,1.687,0.0402,0.008205,0.49121,0.98819,0.2956,0.0344,True,True,4000.0,0.007126,1.9e-05,0.001068,0.2902,1.687245,0.004028,4.151413,20.727232,7.085776,2.034647,10.078743,-8.366664,867.204044,,0.578745,34.0,0.327672,16.0,1.14,2.24,1.43,1.14,0.578745
2715,70,6,1,6,21,6,1,5,25,0.4,18,10,19,2,4,14,8,0.000633,0.0112,0.001606,0.013439,1621,1621,2520,4219,True,0.0,4000.0,0.0,0.3934,0.005527,2.315,0.04853,0.00974,0.54884,1.06407,0.424,0.03977,True,True,4000.0,0.013439,2.9e-05,0.000654,0.3934,2.315144,0.005527,2.98397,19.805229,6.251458,1.57591,8.862005,-12.64577,1029.692041,,0.578745,28.0,0.613883,20.2,1.05,3.636,2.66,1.05,0.613883
2739,77,9,2,5,21,7,6,6,25,0.4,12,8,17,6,5,11,7,0.000633,0.004643,0.005301,0.010577,6721,6721,6720,5617,True,0.0,4000.0,0.0,0.9908,0.01444,6.048,0.08348,0.0158,0.76334,1.3258,0.5935,0.009892,True,True,4000.0,0.010577,4.2e-05,0.001181,0.9908,6.048613,0.01444,9.548537,42.306817,9.608543,2.518433,20.056343,-10.284443,447.405735,,0.578745,30.8,0.310042,19.4,1.26,2.328,1.87,1.26,0.578745
2796,65,7,2,4,22,6,7,7,22,0.5,14,15,16,4,7,13,6,0.000633,0.003833,0.00348,0.007946,7622,7622,7519,7416,True,0.0,4000.0,0.0,0.4216,0.004976,2.084,0.06995,0.0127,0.72842,1.28505,0.7564,0.01974,True,True,4000.0,0.007946,2.1e-05,0.001031,0.4216,2.084342,0.004976,5.408387,28.965848,8.269509,2.319328,13.24739,-9.223736,701.591469,,0.540162,32.5,0.274236,19.0,1.54,2.66,2.08,1.54,0.540162
2840,64,8,2,3,22,6,1,9,19,0.4,28,7,17,4,9,18,6,0.000633,0.011051,0.003916,0.015601,1622,1622,3521,9417,True,0.0,4000.0,0.0,0.2156,0.002012,0.8426,0.03806,0.005549,0.66913,1.2143,0.32,0.01224,True,True,4000.0,0.015601,3.3e-05,0.001018,0.2156,0.842785,0.002012,1.408723,3.996355,4.304749,1.293581,2.215515,-5.195527,2469.059439,,0.520871,25.6,0.522227,20.0,1.98,5.6,3.06,1.98,0.522227
2873,67,6,1,6,23,4,2,5,21,0.4,17,15,18,5,3,14,9,0.000633,0.009945,0.001537,0.012116,2423,2423,2422,3518,True,0.0,4000.0,0.0,0.1811,0.00143,0.599,0.02662,0.003137,0.69218,1.24222,0.1469,0.005633,True,True,4000.0,0.012116,2.4e-05,0.000635,0.1811,0.598997,0.00143,1.523641,7.645999,5.505359,1.635983,3.379515,-7.327816,2237.627585,,0.578745,26.8,0.605739,21.0,1.15,3.57,2.52,1.15,0.605739
2910,65,7,2,3,22,2,3,7,23,0.5,24,8,17,4,5,12,7,0.000633,0.006857,0.00348,0.01097,3222,3222,4320,5417,True,0.0,4000.0,0.0,0.0512,0.001378,0.577,0.008495,0.003516,0.11134,0.36739,0.0942,0.0439,True,False,4000.0,0.01097,2.6e-05,0.001031,0.0512,0.577215,0.001378,0.475751,0.0,0.0,0.0,0.0,0.0,4000.0,,0.405122,32.5,0.352589,19.5,1.54,4.68,2.04,1.54,0.405122
2921,64,4,1,5,22,5,3,5,23,0.4,13,9,18,6,5,12,5,0.000633,0.00477,0.000979,0.006383,3522,3522,4521,5618,True,0.0,4000.0,0.0,0.6102,0.01097,4.595,0.1077,0.03026,0.58423,1.1091,0.8017,0.06856,True,True,4000.0,0.006383,1.1e-05,0.000616,0.6102,4.595103,0.01097,9.745258,17.873583,4.86648,0.926175,13.452173,-10.891415,330.869487,,0.482288,25.6,0.404104,20.4,1.1,2.652,2.16,1.1,0.482288
2940,63,6,1,4,23,4,5,8,21,0.4,11,10,20,6,5,10,6,0.000633,0.002852,0.001446,0.004931,5423,5423,5522,5620,True,0.0,4000.0,0.0,0.1385,0.001027,0.4302,0.02605,0.003065,0.6855,1.23458,0.3363,0.0117,True,True,4000.0,0.004931,1e-05,0.00061,0.1385,0.430189,0.001027,2.863132,25.623226,9.007491,2.842097,9.071289,-8.665463,1254.5374,,0.617328,25.2,0.27789,21.8,1.84,2.398,2.0,1.84,0.617328
2994,67,9,3,4,21,4,4,9,20,0.4,13,8,19,3,5,12,6,0.000633,0.004002,0.006918,0.011554,4421,4421,4420,5319,True,0.0,4000.0,0.0,0.08217,0.001684,0.7055,0.01208,0.003695,0.17961,0.50543,0.1241,0.03732,True,False,4000.0,0.011554,3.8e-05,0.001477,0.08217,0.705392,0.001684,0.724976,0.0,0.0,0.0,0.0,0.0,4000.0,,0.694494,26.8,0.308808,20.2,1.89,2.626,2.28,1.89,0.694494
3122,74,7,3,3,16,5,4,10,23,0.5,23,10,14,4,3,18,7,0.000633,0.00657,0.005943,0.013146,4516,4516,4515,3414,True,0.0,4000.0,0.0,0.1478,0.001802,0.7547,0.0146,0.002405,0.36673,0.81335,0.1854,0.02488,True,True,4000.0,0.013146,4.6e-05,0.001609,0.1478,0.75482,0.001802,1.146049,0.529073,2.368744,0.751354,0.512997,-1.409002,3275.16507,,0.578745,37.0,0.296802,15.0,1.6,3.45,2.52,1.6,0.578745
3142,66,9,2,5,22,3,3,6,21,0.3,13,11,15,3,2,10,7,0.000633,0.00494,0.004543,0.010117,3322,3322,3321,2315,True,0.0,4000.0,0.0,0.5383,0.006919,2.898,0.08403,0.01636,0.74428,1.3039,0.5069,0.01449,True,True,4000.0,0.010117,2.8e-05,0.001043,0.5383,2.898224,0.006919,5.423751,31.6665,8.281307,2.239686,14.097314,-10.372701,679.552289,,0.578745,19.8,0.522478,19.9,1.32,2.587,1.5,1.32,0.578745
3147,69,9,4,5,17,7,1,7,25,0.3,14,10,9,5,4,14,5,0.000633,0.004647,0.0095,0.01478,1717,1717,1716,4509,True,0.0,4000.0,0.0,0.1208,0.003512,1.471,0.01579,0.006651,0.1491,0.44647,0.0919,0.04107,True,False,4000.0,0.01478,5.4e-05,0.001948,0.1208,1.471103,0.003512,0.833132,0.0,0.0,0.0,0.0,0.0,4000.0,,0.675203,20.7,0.538205,14.6,1.19,2.044,1.26,1.19,0.675203
3274,70,7,3,3,22,5,4,6,24,0.6,11,10,17,5,7,10,4,0.000633,0.001882,0.005622,0.008137,4522,4522,6519,7517,True,0.0,4000.0,0.0,0.2427,0.002509,1.051,0.02994,0.004421,0.5858,1.11149,0.2593,0.01706,True,True,4000.0,0.008137,3.1e-05,0.001533,0.2427,1.050967,0.002509,3.040309,28.715052,11.188037,3.847639,8.953977,-6.989705,1266.469262,,0.347247,42.0,0.12505,19.0,1.32,2.09,1.7,1.32,0.347247
3302,63,8,4,3,23,5,2,8,23,0.6,22,11,18,4,4,10,3,0.000633,0.0058,0.00771,0.014144,2523,2523,3420,4418,True,0.0,4000.0,0.0,0.06594,0.000701,0.2938,0.0124,0.002093,0.32974,0.75784,0.1301,0.02119,True,False,4000.0,0.014144,3.9e-05,0.001797,0.06594,0.293634,0.000701,0.475246,0.0,0.0,0.0,0.0,0.0,4000.0,,0.462996,37.8,0.27789,20.0,1.84,4.4,1.8,1.8,0.462996
3462,79,8,2,5,21,6,7,6,24,0.6,11,8,21,5,5,11,6,0.000633,0.004056,0.004834,0.009524,7621,7621,6521,5521,True,0.0,4000.0,0.0,0.06714,0.002785,1.167,0.005106,0.002681,0.06802,0.26458,0.0603,0.0391,True,False,4000.0,0.009524,4e-05,0.001207,0.06714,1.166578,0.002785,0.718619,0.0,0.0,0.0,0.0,0.0,4000.0,,0.578745,47.4,0.184673,21.0,1.26,2.31,2.31,1.26,0.578745
3474,63,6,2,5,20,4,2,6,21,0.4,13,15,19,4,5,11,13,0.000633,0.004406,0.002891,0.007931,2420,2420,3420,5419,True,0.0,4000.0,0.0,0.2338,0.001884,0.7893,0.04396,0.005623,0.81946,1.39021,0.4557,0.005674,True,True,4000.0,0.007931,1.8e-05,0.001006,0.2338,0.789168,0.001884,3.005036,27.176929,9.333124,2.960423,9.49949,-8.628127,1209.288273,,0.578745,25.2,0.410519,19.6,1.2,2.548,2.09,1.2,0.578745
3528,70,9,3,6,20,5,9,6,19,0.5,21,12,10,5,5,18,8,0.000633,0.009914,0.007228,0.017776,9519,9520,7516,5510,True,0.0,4000.0,0.0,0.05358,0.001356,0.568,0.006609,0.00239,0.11243,0.36972,0.0366,0.0147,True,False,4000.0,0.017776,5.4e-05,0.001533,0.05358,0.568,0.001356,0.307263,0.0,0.0,0.0,0.0,0.0,4000.0,,0.694494,35.0,0.572958,15.0,1.2,3.15,1.8,1.2,0.694494
3530,63,6,2,5,21,4,4,5,21,0.4,19,11,13,5,3,13,6,0.000633,0.007376,0.002891,0.0109,4421,4421,4419,3513,True,0.0,4000.0,0.0,0.03514,0.00138,0.5779,0.006607,0.004118,0.06522,0.25717,0.0625,0.04785,True,False,4000.0,0.0109,2.3e-05,0.001006,0.03514,0.578053,0.00138,0.32862,0.0,0.0,0.0,0.0,0.0,4000.0,,0.482288,25.2,0.599989,17.8,1.05,3.382,1.69,1.05,0.599989
3543,67,9,3,5,23,4,4,5,19,0.5,15,7,17,3,5,13,6,0.000633,0.005635,0.006918,0.013187,4423,4423,4420,5317,True,0.0,4000.0,0.0,0.2479,0.002042,0.8555,0.03643,0.00448,0.77618,1.34052,0.2458,0.005746,True,True,4000.0,0.013187,4.1e-05,0.001477,0.2479,0.855351,0.002042,1.916355,21.868406,9.596303,3.204108,6.471015,-8.048204,1860.387048,,0.482288,33.5,0.356317,20.0,1.15,3.0,2.21,1.15,0.482288
3562,62,7,3,4,23,3,3,8,22,0.6,22,9,13,6,6,16,6,0.000633,0.007024,0.004979,0.012637,3322,3323,5517,6613,True,0.0,4000.0,0.0,0.02376,0.001604,0.6717,0.004763,0.005185,0.0317,0.15899,0.0353,0.04712,True,False,4000.0,0.012637,3e-05,0.001382,0.02376,0.671882,0.001604,0.191666,0.0,0.0,0.0,0.0,0.0,4000.0,,0.617328,37.2,0.376496,17.0,1.84,3.74,2.08,1.84,0.617328
3604,77,4,2,4,19,7,9,7,19,0.6,26,6,13,4,4,19,4,0.000633,0.010797,0.002356,0.013786,9719,9719,6515,4413,True,0.0,4000.0,0.0,0.03547,0.001648,0.6904,0.002989,0.001803,0.04529,0.20177,0.0411,0.03035,True,False,4000.0,0.013786,3.8e-05,0.001181,0.03547,0.690313,0.001648,0.262267,0.0,0.0,0.0,0.0,0.0,4000.0,,0.540162,46.2,0.358271,15.4,1.33,4.004,2.47,1.33,0.540162
3757,65,10,2,5,20,6,4,5,18,0.5,24,14,20,5,7,17,13,0.000633,0.012971,0.004972,0.018576,4620,4620,5620,7520,True,0.0,4000.0,0.0,0.1309,0.002483,1.04,0.02172,0.006338,0.25253,0.6342,0.1603,0.0435,True,False,4000.0,0.018576,4.2e-05,0.001031,0.1309,1.040077,0.002483,0.718323,0.0,0.0,0.0,0.0,0.0,4000.0,,0.482288,32.5,0.587649,20.0,1.0,4.8,3.4,1.0,0.587649
4011,79,8,3,6,18,6,2,6,23,0.5,15,8,8,6,7,15,6,0.000633,0.005366,0.007251,0.01325,2618,2618,4613,7608,True,0.0,4000.0,0.0,0.3212,0.00512,2.145,0.02442,0.004929,0.38721,0.84315,0.1828,0.02932,True,True,4000.0,0.01325,5.8e-05,0.001703,0.3212,2.144661,0.00512,2.471025,21.438393,8.458037,2.69697,7.68679,-8.216108,1433.221538,,0.694494,39.5,0.362632,13.0,1.08,1.95,1.2,1.08,0.694494
4105,62,8,2,6,20,3,2,5,24,0.7,21,13,13,5,5,11,8,0.000633,0.008367,0.003794,0.012795,2319,2320,4515,5513,True,0.0,4000.0,0.0,0.2527,0.002399,1.005,0.05065,0.007757,0.73484,1.29256,0.4178,0.01432,True,True,4000.0,0.012795,2.7e-05,0.000993,0.2527,1.004891,0.002399,2.013316,14.985948,6.691012,1.965974,5.973088,-9.323323,1651.331968,,0.578745,43.4,0.462063,15.1,1.0,3.171,1.43,1.0,0.578745
4159,65,7,2,4,17,5,4,8,25,0.4,24,15,7,5,1,17,4,0.000633,0.0068,0.00348,0.010913,4517,4517,3514,1507,True,0.0,4000.0,0.0,0.08721,0.001226,0.5138,0.01447,0.003131,0.27796,0.6761,0.1518,0.03069,True,False,4000.0,0.010913,2.6e-05,0.001031,0.08721,0.513546,0.001226,0.814601,0.0,0.0,0.0,0.0,0.0,4000.0,,0.617328,26.0,0.587649,13.0,1.36,3.12,1.19,1.19,0.617328
4175,79,7,2,4,18,3,9,8,18,0.5,18,8,18,6,3,13,4,0.000633,0.006769,0.00423,0.011632,9318,9318,6418,3618,True,0.0,4000.0,0.0,0.7856,0.009531,3.992,0.05974,0.009175,0.79584,1.3631,0.6956,0.006502,True,True,4000.0,0.011632,4.2e-05,0.001207,0.7856,3.992336,0.009531,6.88443,45.680239,10.635858,3.000768,18.004659,-10.458645,593.055673,,0.617328,39.5,0.290105,18.0,1.44,3.24,2.34,1.44,0.617328
4190,70,9,4,5,21,4,2,5,23,0.5,18,12,14,5,3,15,7,0.000633,0.007177,0.009638,0.017448,2421,2421,2418,3514,True,0.0,4000.0,0.0,0.156,0.002662,1.115,0.01924,0.004692,0.28455,0.68649,0.1457,0.0332,True,False,4000.0,0.017448,6.1e-05,0.001973,0.156,1.115056,0.002662,0.911418,0.0,0.0,0.0,0.0,0.0,4000.0,,0.482288,35.0,0.409256,17.5,1.05,3.15,2.1,1.05,0.482288
4275,69,4,2,5,23,5,4,6,20,0.5,29,12,21,3,3,21,4,0.000633,0.022192,0.002111,0.024936,4523,4523,4422,3321,True,0.0,4000.0,0.0,0.1683,0.004236,1.775,0.02199,0.008023,0.2032,0.5487,0.1627,0.05758,True,False,4000.0,0.024936,5e-05,0.001081,0.1683,1.774372,0.004236,0.687991,0.0,0.0,0.0,0.0,0.0,4000.0,,0.578745,34.5,0.668912,22.0,1.38,6.38,4.41,1.38,0.668912
4351,64,6,3,5,21,6,3,5,19,0.4,22,11,15,6,8,16,6,0.000633,0.010997,0.004406,0.016036,3621,3621,4619,8615,True,0.0,4000.0,0.0,0.3398,0.003434,1.438,0.05998,0.009473,0.77578,1.33972,0.6193,0.01408,True,True,4000.0,0.016036,3.5e-05,0.00142,0.3398,1.438431,0.003434,2.160033,16.03406,6.826613,2.017213,6.444191,-9.202206,1546.251906,,0.482288,25.6,0.683869,18.6,1.05,4.092,2.4,1.05,0.683869
4514,63,5,2,4,18,3,6,6,24,0.5,11,11,11,4,0,10,8,0.000633,0.001724,0.002409,0.004767,6318,6318,3315,0011,True,0.0,4000.0,0.0,0.1748,0.001792,0.7505,0.03287,0.005348,0.55714,1.07483,0.2221,0.01845,True,True,4000.0,0.004767,1.2e-05,0.001006,0.1748,0.750631,0.001792,3.737842,21.293133,8.349296,2.662296,9.109392,-6.892378,1018.613911,,0.462996,31.5,0.222312,14.5,1.08,1.595,1.1,1.08,0.462996
4565,67,8,2,5,23,6,4,6,19,0.6,24,7,20,6,9,14,5,0.000633,0.012871,0.0041,0.017604,4623,4623,7621,9620,True,0.0,4000.0,0.0,0.119,0.000878,0.3677,0.01749,0.001926,0.60061,1.12985,0.097,0.00511,True,False,4000.0,0.017604,4e-05,0.001056,0.119,0.367776,0.000878,0.689087,0.0,0.0,0.0,0.0,0.0,4000.0,,0.578745,40.2,0.475089,21.2,1.38,5.088,2.8,1.38,0.578745
4609,70,9,4,5,19,7,7,6,20,0.4,16,13,17,6,3,14,11,0.000633,0.006986,0.009638,0.017257,7719,7719,6718,3617,True,0.0,4000.0,0.0,0.2379,0.003147,1.318,0.02935,0.005546,0.45334,0.93675,0.1731,0.02451,True,True,4000.0,0.017257,6e-05,0.001973,0.2379,1.318212,0.003147,1.405268,4.610576,4.782115,1.476947,2.337859,-5.042777,2504.381137,,0.578745,28.0,0.454728,18.2,1.14,2.912,2.38,1.14,0.578745
4620,70,8,3,4,21,6,2,7,23,0.4,29,7,6,5,3,28,2,0.000633,0.013198,0.006425,0.020257,2620,2621,2617,3506,True,0.0,4000.0,0.0,0.08818,0.001614,0.6761,0.01088,0.002844,0.19943,0.54201,0.0812,0.02334,True,False,4000.0,0.020257,5.6e-05,0.001533,0.08818,0.676071,0.001614,0.443746,0.0,0.0,0.0,0.0,0.0,4000.0,,0.540162,28.0,0.659356,15.0,1.47,4.35,1.68,1.47,0.659356
4710,74,5,2,6,21,5,8,5,24,0.4,15,9,20,3,4,14,7,0.000633,0.009253,0.00283,0.012717,8521,8521,7421,4320,True,0.0,4000.0,0.0,0.01871,0.002595,1.087,0.001848,0.003464,0.01147,0.08072,0.0129,0.03327,True,False,4000.0,0.012717,3.5e-05,0.001144,0.01871,1.086991,0.002595,0.149977,0.0,0.0,0.0,0.0,0.0,4000.0,,0.578745,29.6,0.483917,20.6,1.05,3.09,2.8,1.05,0.578745
4715,70,8,4,5,17,7,6,6,20,0.5,18,11,12,4,3,17,10,0.000633,0.006368,0.008567,0.015568,6717,6717,5615,3412,True,0.0,4000.0,0.0,0.3776,0.003618,1.515,0.04657,0.006376,0.78864,1.35438,0.4999,0.008875,True,True,4000.0,0.015568,5.4e-05,0.001973,0.3776,1.515504,0.003618,2.472424,28.60359,10.602644,3.557816,8.488833,-8.229592,1479.762136,,0.578745,35.0,0.409256,14.5,1.02,2.61,2.04,1.02,0.578745
4716,80,8,1,4,21,7,1,7,21,0.6,15,5,17,6,5,12,4,0.000633,0.004952,0.002448,0.008033,1721,1721,3619,5617,True,0.0,4000.0,0.0,0.204,0.001477,0.6188,0.01475,0.001335,0.67088,1.21657,0.1671,0.004931,True,True,4000.0,0.008033,2.7e-05,0.000716,0.204,0.618684,0.001477,2.588774,46.758406,13.902581,4.734769,10.89869,-9.885405,1435.900634,,0.540162,48.0,0.198944,18.6,1.47,2.79,2.04,1.47,0.540162
4719,76,10,4,4,15,5,7,7,20,0.6,21,11,8,5,3,20,4,0.000633,0.005327,0.011626,0.017587,7515,7515,5511,3508,True,0.0,4000.0,0.0,0.02412,0.002388,1.0,0.002141,0.00279,0.01777,0.10803,0.0198,0.03317,True,False,4000.0,0.017587,7.9e-05,0.002124,0.02412,1.000283,0.002388,0.139806,0.0,0.0,0.0,0.0,0.0,4000.0,,0.540162,45.6,0.29318,10.8,1.05,2.268,1.6,1.05,0.540162
4734,66,9,1,5,21,5,5,7,19,0.4,13,16,12,5,3,13,7,0.000633,0.004107,0.002272,0.007012,5521,5521,4518,3512,True,0.0,4000.0,0.0,0.1306,0.003123,1.308,0.02038,0.007386,0.19706,0.53736,0.1148,0.04222,True,True,4000.0,0.007012,1.7e-05,0.000629,0.1306,1.308159,0.003123,1.898546,3.607848,3.116443,0.842844,2.88722,-5.893781,1673.848438,,0.675203,26.4,0.391859,17.4,1.47,2.262,1.56,1.47,0.675203
4779,64,5,2,5,19,3,2,7,23,0.4,21,8,12,6,3,12,7,0.000633,0.007869,0.002448,0.01095,2319,2319,2417,3612,True,0.0,4000.0,0.0,0.1086,0.001823,0.7635,0.01917,0.005028,0.264,0.65317,0.1656,0.04068,True,True,4000.0,0.01095,2.2e-05,0.001018,0.1086,0.763616,0.001823,1.010949,5.6e-05,0.084476,0.027924,0.001502,-0.004482,3935.28099,,0.675203,25.6,0.652784,16.2,1.33,3.402,1.44,1.33,0.675203
4790,74,8,3,5,21,6,5,5,20,0.5,29,11,10,5,4,27,8,0.000633,0.017321,0.006792,0.024747,5620,5621,5616,4510,True,0.0,4000.0,0.0,0.3468,0.003733,1.564,0.03425,0.004983,0.63605,1.174,0.1859,0.01066,True,True,4000.0,0.024747,7.3e-05,0.001609,0.3468,1.563675,0.003733,1.428531,5.96841,5.239912,1.592093,2.745041,-6.139569,2436.229592,,0.482288,37.0,0.623715,15.5,1.05,4.495,2.7,1.05,0.623715
4912,74,6,1,5,24,5,3,6,21,0.6,13,10,13,6,3,12,7,0.000633,0.004167,0.001698,0.006498,3523,3524,3617,3613,True,0.0,4000.0,0.0,0.06878,0.002615,1.095,0.006794,0.00349,0.08024,0.29529,0.078,0.04614,True,True,4000.0,0.006498,1.8e-05,0.000679,0.06878,1.095369,0.002615,1.078915,0.006333,0.342,0.110765,0.042064,-0.121563,3573.072512,,0.578745,44.4,0.232997,17.4,1.44,2.262,1.56,1.44,0.578745
4988,66,5,2,4,17,5,3,8,19,0.5,14,6,14,6,2,10,4,0.000633,0.00295,0.002524,0.006108,3517,3517,3516,2614,True,0.0,4000.0,0.0,0.3336,0.003234,1.355,0.05207,0.007648,0.7766,1.34139,0.4797,0.009075,True,True,4000.0,0.006108,1.6e-05,0.001043,0.3336,1.354655,0.003234,5.5679,30.015284,9.304866,2.79612,12.999454,-7.99257,724.972078,,0.617328,33.0,0.270081,15.5,1.36,2.17,1.4,1.36,0.617328
4989,66,10,5,5,19,6,4,6,21,0.5,24,13,16,6,3,23,3,0.000633,0.01302,0.012621,0.026274,4619,4619,4618,3616,True,0.0,4000.0,0.0,0.1515,0.00101,0.4232,0.02364,0.002389,0.76098,1.32283,0.2735,0.007513,True,False,4000.0,0.026274,7.7e-05,0.002287,0.1515,0.423068,0.00101,0.587783,0.0,0.0,0.0,0.0,0.0,4000.0,,0.578745,33.0,0.578745,17.5,1.14,4.2,3.68,1.14,0.578745
